Datetime,Water Level (m)
2025-05-05 00:00:00,-0.1173869
2025-05-05 01:00:00,-0.1359792
2025-05-05 02:00:00,-0.07403138
2025-05-05 03:00:00,0.06493919
2025-05-05 04:00:00,0.23065686
2025-05-05 05:00:00,0.38700995
2025-05-05 06:00:00,0.46513605
2025-05-05 07:00:00,0.48553953
2025-05-05 08:00:00,0.4124385
2025-05-05 09:00:00,0.2609271
2025-05-05 10:00:00,0.13940357
2025-05-05 11:00:00,0.03975334
2025-05-05 12:00:00,-0.025657674
2025-05-05 13:00:00,-0.04924497
2025-05-05 14:00:00,0.050772645
2025-05-05 15:00:00,0.24526757
2025-05-05 16:00:00,0.43005627
2025-05-05 17:00:00,0.57932895
2025-05-05 18:00:00,0.6654143
2025-05-05 19:00:00,0.6902468
2025-05-05 20:00:00,0.61288524
2025-05-05 21:00:00,0.44277734
2025-05-05 22:00:00,0.291214
2025-05-05 23:00:00,0.1742395
2025-05-06 00:00:00,0.089109346
2025-05-06 01:00:00,0.019602694
2025-05-06 02:00:00,-0.04061159
2025-05-06 03:00:00,-0.066495955
2025-05-06 04:00:00,0.05492732
2025-05-06 05:00:00,0.27732885
2025-05-06 06:00:00,0.472444
2025-05-06 07:00:00,0.585671
2025-05-06 08:00:00,0.6244726
2025-05-06 09:00:00,0.56933707
2025-05-06 10:00:00,0.4147053
2025-05-06 11:00:00,0.28044865
2025-05-06 12:00:00,0.16450709
2025-05-06 13:00:00,0.0782716
2025-05-06 14:00:00,0.023033084
2025-05-06 15:00:00,0.014443162
2025-05-06 16:00:00,0.13941236
2025-05-06 17:00:00,0.34156877
2025-05-06 18:00:00,0.5426566
2025-05-06 19:00:00,0.6770647
2025-05-06 20:00:00,0.7420833
2025-05-06 21:00:00,0.70853627
2025-05-06 22:00:00,0.5387259
2025-05-06 23:00:00,0.36961725
2025-05-07 00:00:00,0.23613419
2025-05-07 01:00:00,0.13187869
2025-05-07 02:00:00,0.055744633
2025-05-07 03:00:00,-0.007889451
2025-05-07 04:00:00,-0.028301215
2025-05-07 05:00:00,0.106588654
2025-05-07 06:00:00,0.3367687
2025-05-07 07:00:00,0.54764074
2025-05-07 08:00:00,0.67702633
2025-05-07 09:00:00,0.73504704
2025-05-07 10:00:00,0.6959342
2025-05-07 11:00:00,0.5264173
2025-05-07 12:00:00,0.36028495
2025-05-07 13:00:00,0.22954504
2025-05-07 14:00:00,0.13407992
2025-05-07 15:00:00,0.074019805
2025-05-07 16:00:00,0.058667414
2025-05-07 17:00:00,0.18675278
2025-05-07 18:00:00,0.39803866
2025-05-07 19:00:00,0.6126664
2025-05-07 20:00:00,0.7538784
2025-05-07 21:00:00,0.82011306
2025-05-07 22:00:00,0.7797362
2025-05-07 23:00:00,0.5994168
2025-05-08 00:00:00,0.4267254
2025-05-08 01:00:00,0.28819105
2025-05-08 02:00:00,0.1794384
2025-05-08 03:00:00,0.10190846
2025-05-08 04:00:00,0.038027365
2025-05-08 05:00:00,0.0336889
2025-05-08 06:00:00,0.23849866
2025-05-08 07:00:00,0.49230218
2025-05-08 08:00:00,0.69583637
2025-05-08 09:00:00,0.80634314
2025-05-08 10:00:00,0.84205514
2025-05-08 11:00:00,0.75461686
2025-05-08 12:00:00,0.55534816
2025-05-08 13:00:00,0.39293838
2025-05-08 14:00:00,0.25263172
2025-05-08 15:00:00,0.16902785
2025-05-08 16:00:00,0.110387534
2025-05-08 17:00:00,0.09030203
2025-05-08 18:00:00,0.23987925
2025-05-08 19:00:00,0.4694716
2025-05-08 20:00:00,0.6922986
2025-05-08 21:00:00,0.8201734
2025-05-08 22:00:00,0.8622721
2025-05-08 23:00:00,0.77413034
2025-05-09 00:00:00,0.57223505
2025-05-09 01:00:00,0.41366726
2025-05-09 02:00:00,0.27330002
2025-05-09 03:00:00,0.17014891
2025-05-09 04:00:00,0.08921635
2025-05-09 05:00:00,0.034538627
2025-05-09 06:00:00,0.12083894
2025-05-09 07:00:00,0.3931049
2025-05-09 08:00:00,0.64076686
2025-05-09 09:00:00,0.8160872
2025-05-09 10:00:00,0.9076612
2025-05-09 11:00:00,0.8978486
2025-05-09 12:00:00,0.73348916
2025-05-09 13:00:00,0.53162766
2025-05-09 14:00:00,0.38155285
2025-05-09 15:00:00,0.25799853
2025-05-09 16:00:00,0.18137312
2025-05-09 17:00:00,0.118786044
2025-05-09 18:00:00,0.1345035
2025-05-09 19:00:00,0.37443316
2025-05-09 20:00:00,0.6177347
2025-05-09 21:00:00,0.8142296
2025-05-09 22:00:00,0.9074932
2025-05-09 23:00:00,0.9086025
2025-05-10 00:00:00,0.7479926
2025-05-10 01:00:00,0.54898554
2025-05-10 02:00:00,0.39892492
2025-05-10 03:00:00,0.26463118
2025-05-10 04:00:00,0.17611258
2025-05-10 05:00:00,0.105117835
2025-05-10 06:00:00,0.094067566
2025-05-10 07:00:00,0.33668327
2025-05-10 08:00:00,0.60966825
2025-05-10 09:00:00,0.83188456
2025-05-10 10:00:00,0.9648142
2025-05-10 11:00:00,1.022052
2025-05-10 12:00:00,0.9376629
2025-05-10 13:00:00,0.72231066
2025-05-10 14:00:00,0.5399293
2025-05-10 15:00:00,0.3972963
2025-05-10 16:00:00,0.2886327
2025-05-10 17:00:00,0.21203858
2025-05-10 18:00:00,0.15526074
2025-05-10 19:00:00,0.26613992
2025-05-10 20:00:00,0.5406805
2025-05-10 21:00:00,0.7798461
2025-05-10 22:00:00,0.9287175
2025-05-10 23:00:00,0.98643064
2025-05-11 00:00:00,0.9077147
